University of Paris 8,Paris,France,French,true,0
University of Rennes 1,Rennes,France,French,true,0,1
Reutlingen University,Reutlingen,Germany,German,true,0
University of Bamberg,Bamberg,Germany,German,true,0
Aalborg University,Aalborg,Denmark,Danish,false,0
University of Malaga,Malaga,Spain,Spanish,true,0
University of Pisa,Pisa,Italy,Italian,false,0
University of Bologna,Bologna,Italy,Italian,true,0,1
BA School of Business and Finance,Riga,Latvia,Latvian,false,0
University of Derby,Derby,UK,English,true,0
University of Twente,Enschede,Netherlands,Dutch,false,0,5
University of Groningen,Groningen,Netherlands,Dutch,false,0
Warsaw University of Technology,Warsaw,Poland,Polish,false,0,5
University of Craiova,Craiova,Romania,Romanian,false,0
University of Primorska,Koper,Slovenia,Slovene,false,0
Yasar University,Izmir,Turkey,Turkish,false,0
University of Maribor,Maribor,Slovenia,Slovene,false,0
University of Coimbra,Coimbra,Portugal,Portuguese,false,0,1
University of Lodz,Lodz,Poland,Polish,false,1,4,5,6
University of Cyprus,Nicosia,Cyprus,Greek,false,1,5
Slovak University of Agriculture,Nitra,Slovakia,Slovak,false,1
Ruhr University Bochum,Bochum,Germany,German,true,1
Aachen University of Applied Sciences,Aachen,Germany,German,true,1
Mainz University of Applied Sciences,Mainz,Germany,German,true,1
Bucharest University of Economic Studies,Bucharest,Romania,Romanian,false,1
University of Vaasa,Vaasa,Finland,Finnish,false,1,2
University of Lille,Lille,France,French,true,1
Louis Pasteur University,Strasbourg,France,French,true,1
University of Montpellier,Montpellier,France,French,true,1
University of Reims Champagne-Ardenne,Grand Est,France,French,true,1
Universite Grenoble Alpes,Grenoble,France,French,true,1
University of Rzeszow,Rzeszow,Poland,Polish,false,1
D'Annunzio University,Chieti,Italy,Italian,true,1
Free Mediterranean University,Casamassima,Italy,Italian,true,1
University of Siena,Siena,Italy,Italian,true,1
Nisantasi University,Istanbul,Turkey,Turkish,false,1,5
Izmir University of Economics,Izmir,Turkey,Turkish,false,1,2
Kadir Has University,Istanbul,Turkey,Turkish,false,1
Ankara University,Ankara,Turkey,Turkish,false,1
University of Tartu,Tartu,Estonia,Estonian,false,1
University of Tampere,Tampere,Finland,Finnish,false,4
University of Essen,Essen,Germany,German,false,4
University of Vilnius,Vilnius,Lithuania,Lithuanian,false,4
Vytautas Magnus University,Kaunas,Lithuania,Lithuanian,false,4
1 Decembrie 1918 University,Alba Iulia,Romania,Romanian,false,4
University of Almeria,Almeria,Spain,Spanish,false,4
University of Liege,Liege,Belgium,French,true,5
Saint-Louis University,Brussels,Belgium,French,true,5
University of Nice Sophia Antipolis,Nice,France,French,true,5
University of Caen Normandy,Caen,France,French,true,5
Institutes of Political Studies,Rennes,France,French,false,5,2
University of Paris 1 Pantheon-Sorbonne,Paris,France,French,true,5
Philipps University of Marburg,Marburg,Germany,German,false,5
University of Erfurt,Erfurt,Germany,German,false,5
Theresian Military Academy,Wiener Neustadt,Austria,Austrian German,false,5
Autonomous University of Barcelona,Barcelona,Spain,Spanish,false,5
University of Camerino,Camerino,Italy,Italian,true,5
Frederick University,Nicosia,Cyprus,Greek,false,5
University of Central Lancashire,Larnaca,Cyprus,Greek,false,5,2
University of Miskolc,Miskolc,Hungary,Hungarian,false,5
University of Pecs,Pecs,Hungary,Hungarian,false,5
University of Warsaw,Warsaw,Poland,Polish,false,5
Jagiellonian University,Krakow,Poland,Polish,false,5
University of Lisbon,Lisbon,Portugal,Portoguese,false,5
Istanbul Commerce University,Istanbul,Turkey,Turkish,false,5
Beykent University,Istanbul,Turkey,Turkish,false,5
Mendel University,Brno,Czech Republic,Czech,false,5
SNSPA,Bucharest,Romania,Romanian,false,5
Halic University,Istanbul,Turkey,Turkish,false,5
University of Graz,Graz,Austria,German,true,2
Veliko Tarnovo University,Veliko Tarnovo,Bulgaria,Bulgarian,true,2
Sofia University,Sofia,Bulgaria,Bulgarian,true,2
Bulgarian Academy of Sciences,Sofia,Bulgaria,Bulgarian,true,2
Paisii Hilendarski,Plovdiv,Bulgaria,Bulgarian,true,2
Neofit Rilski,Blagoevgrad,Bulgaria,Bulgarian,true,2
University of Zadar,Zadar,Croatia,Croatian,true,2
University of Zagreb,Zagreb,Croatia,Croatian,true,2
Charles University,Prague,Czech Republic,Czech,true,2
Palacky University,Olomouc,Czech Republic,Czech,true,2
University of Franche Comte,Besancon,France,French,true,2
University Clermont Auvergne,Clermont Ferrand,France,French,true,2
Aix Marseille University,Marseille,France,French,true,2
University of Bordeaux,Bordeaux,France,French,true,2
Free University of Berlin,Berlin,Germany,German,true,2
University of Hamburg,Hamburg,Germany,German,true,2,6
University of Regensburg,Regensburg,Germany,German,true,2
University of Bamberg,Bamberg,Germany,German,true,2
Johannes Gutenberg University Mainz,Mainz,Germany,German,true,2
Eotvos Lorand University,Budapest,Hungary,Hungarian,true,2
Central European University,Budapest,Hungary,Hungarian,false,2
University of Pannonia,Veszprem,Hungary,Hungarian,true,2
University of Social Sciences and Humanities,skopje,North Macedonia,Macedonian,true,2
Jagiellonian University,Krakow,Poland,Polish,true,2
University of Wroclaw,Wroclaw,Poland,Polish,true,2
Alexandru Ioan Cuza University,Iasi,Romania,Romanian,true,2
Lucian Blaga University,Sibiu,Romania,Romanian,true,2
Babes Bolyai University,Cluj Napoca,Romania,Romanian,false,2
University of Nis,Nis,Serbia,Serbian,true,2
Constantine the Philosopher University,Nitra,Slovakia,Slovak,true,2
University of Ljubljana,Ljubljana,Slovenia,Slovene,true,2
University of Deusto,Bilbao,Spain,Spanish,false,2
Bilkent University,Ankara,Turkey,Turkish,false,2
Bursa Technical University,Bursa,Turkey,Turkish,true,2
TOBB University of Economics and Technology,Ankara,Turkey,Turkish,false,2
Bosphorus University,Istanbul,Turkey,Turkish,false,2
Istanbul Bilgi University,Istanbul,Turkey,Turkish,false,2
Bahcesehir University,Istanbul,Turkey,Turkish,false,2
Istanbul Aydın University,Istanbul,Turkey,Turkish,false,2
Yeditepe University,Istanbul,Turkey,Turkish,false,2
Marmara University,Istanbul,Turkey,Turkish,false,2
Kırıkkale University,Kırıkkale,Turkey,Turkish,true,2
Mimar Sinan Fine Arts University,Findikli,Turkey,Turkish,true,2
Sabancı University,Istanbul,Turkey,Turkish,false,2
Padagogische Hochschule Oberosterreich,Linz,Austria,German,false,6
Private Padagogische Hochschule der Diozese Linz,Linz,German,false,6
Jean Monnet University,Saint Etienne,France,true,6
Ludwig Maximilian University of Munich,Munchen,Germany,German,false,6
University of Bremen,Bremen,Germany,German,true,6
University of Oldenburg,Oldenburg,Germany,German,false,6
University of Northampton,Northampton,UK,English,true,6
University of Castilla La Mancha,Toledo,Spain,Spanish,true,6
Universita degli Studi Niccolo Cusano,Roma,Italy,Italian,false,6
Universita degli Studi di Firenze,Firenze,Italy,Italian,false,6
European University Cyprus,Nicosia,Cyprus,Greek,true,6
Open University of Cyprus,Nicosia,Cyprus,Greek,false,6
University of Latvia,Riga,Latvia,English,true,6
NHL Stenden University of Applied Sciences,Meppel,Netherlands,English,false,6
Ss Cyril and Methodius University of Skopje,Skopje,North Macedonia,English,faslse,6
Nicolaus Copernicus University in Torun,Torun,Poland,Polish,false,6
SWPS University of Social Sciences and Humanities,Warszaw,Poland,Polish,false,6
University of Pitesti,Pitesti,Romania,Romanian,false,6
Stockholm University,Stockholm,Sweden,Swedish,false,6